name;place;inscription_date;number_page_views;number_followers;number_follow;number_favourites;number_comments_made;number_comments_receveid
TobiasRoetsch;Germany;06/09/2006;950000;20500;223;16700;27400;6100
Alla-equi;N/A;06/09/2008;137800;3800;995;10400;5700;1100
finwaart;Germany;06/09/2017;6200;240;9;125;116;13
langmaew;Thailand;06/09/2020;15700;1000;441;1500;2300;51
Mollisskotchu;Russia;06/09/2015;6000;30;169;31;13;6
RomanDubina;Ukraine;06/09/2014;126100;4100;60;0;1000;90
asabelmori;N/A;06/09/2018;29200;1100;1500;61300;21200;4100
LynneHendersonArt;N/A;06/09/2018;9300;507;253;329;1300;230
DaedalJS;N/A;06/09/2011;17700;226;592;38500;1100;309
A1amo;Russia;06/09/2023;N/A;N/A;N/A;N/A;N/A;N/A
JamesB000;N/A;06/09/2011;64800;546;166;27100;57900;7500
augenweide;Germany;06/09/2010;323000;5300;1000;28400;61200;6600
Rhyn-Art;N/A;06/09/2008;588300;22500;1900;12800;46800;45800
DigitalisDog;N/A;06/09/2010;103000;2100;562;2300;3600;797
phalalcrocorax;France;06/09/2010;166000;3200;193;965;4900;1300
Nybot;N/A;06/09/2010;16400;406;209;144;261;31
dodgernova;Russia;06/09/2020;N/A;N/A;N/A;N/A;N/A;N/A
suna00082;N/A;06/09/2014;1600;156;17;117;22;8
CGBartwork;N/A;06/09/2015;1900;30;7;3;21;8
mutiny-in-the-air;N/A;06/09/2008;58900;1500;148;132;2400;107
LordCarmi;Italy;06/09/2014;202600;5300;306;8000;8500;711
Miva-Neon;N/A;06/09/2008;11100;1000;1700;15800;180;576
yukomeow0222;N/A;06/09/2016;64300;6200;441;4600;1200;91
articoluminos;Switzerland;06/09/2017;3200;77;23;234;14;9
AmandaJeansArt;N/A;06/09/2016;44900;948;133;18600;15600;341
matthansonstudio;N/A;06/09/2022;1100;24;42;0;72;19
AutumnIulia;Romania;06/09/2018;56700;2200;1100;113000;26000;13000
PaintSoda;N/A;06/09/2018;5900;205;13;101;21;2
vimark;Belarus;06/09/2008;475500;9200;750;7200;19600;1800
CmanCHANCreations;N/A;06/09/2018;2900;54;14;85;31;13
AstrumAura;Russia;06/09/2019;16200;280;329;6300;1900;95
MireilleD;France;06/09/2011;17900;192;112;108;5500;183
Undinya;Russia;06/09/2012;7700;46;75;34;144;13
TheFulkrum;N/A;06/09/2009;N/A;N/A;N/A;N/A;N/A;N/A
jinxit79;Germany;06/09/2021;15500;720;287;4500;1400;358
dyizai;N/A;06/09/2014;29000;2900;698;11000;1500;514
panchosama;Chile;06/09/2007;76500;139;215;3600;507;242
TrentAnthonyFrancis;Australia;06/09/2021;23400;1700;1200;994;809;301
wyum;Germany;06/09/2011;121800;5300;655;27400;107900;16100
iononion;Russia;06/09/2020;38500;2500;1500;924;2500;66
jim373;N/A;06/09/2002;216800;2800;479;42200;73000;16600
ArtistKaru;Estonia;06/09/2022;25600;607;888;37000;2100;3000
KarinClaessonArt;Sweden;06/09/2008;429500;4200;4600;143200;229400;31400
Alba-ster;N/A;06/09/2014;15800;1200;136;1300;440;20
Grim-Castlaire;N/A;06/09/2021;N/A;N/A;N/A;N/A;N/A;N/A
KatyaKashka;Russia;06/09/2021;5100;428;10;2000;641;35
water-in-black;N/A;06/09/2019;N/A;N/A;N/A;N/A;N/A;N/A
davidrabin;N/A;06/09/2014;30300;590;314;5200;5400;427
Lunargue;France;06/09/2013;267600;4500;286;821;7700;545
takomaru;N/A;06/09/2006;20700;1400;776;121900;24100;7800
MathewToll;Australia;06/09/2022;6400;164;39;364;565;32
Martizaxy;Ukraine;06/09/2021;5500;379;510;319;452;13
Xredmhar;Philippines;06/09/2018;76200;10100;4900;108;85;950
xiaofanchuanart;Canada;06/09/2019;31200;3400;37;395;335;40
MaddyMelody;Romania;06/09/2021;2300;130;9;69;35;6
OutsideFate;Denmark;06/09/2008;161500;1700;373;9900;19900;2600
danielbogni;Brazil;06/09/2009;160700;4700;619;1700;5300;683
ayeshaart11;India;06/09/2020;1000;18;13;21;3;1
BrightWatcher37;N/A;06/09/2015;31200;399;471;14200;2600;533
haruka-K;N/A;06/09/2010;19600;161;150;1300;300;94
Newfie-Stock;Canada;06/09/2019;2500;58;19;64;14;1
CalvinWaterman;N/A;06/09/2017;3700;160;25;526;67;26
ayjaja;N/A;06/09/2006;30700;474;202;2300;1300;244
Elka0815;Germany;N/A;60600;10900;973;43300;730;1100
elsableda;N/A;06/09/2008;86900;3000;118;466;301;167
Waltjan;France;06/09/2016;79700;5700;208;852;2100;758
gabull69;Germany;06/09/2023;10000;349;322;12000;295;403
ErikShoemaker;Germany;06/09/2006;924000;24000;1200;25600;67200;8600
Yonetee;N/A;06/09/2009;81400;847;338;1900;15800;1700
cagdasdemiralp;Poland;06/09/2016;18700;505;194;108;155;34
MiCorazonMexica;Mexico;06/09/2023;583;34;0;0;3;3
TheKendallKathryn;N/A;06/09/2021;10200;63;70;649;94;22
MozartMo;N/A;06/09/2019;13600;532;233;7500;325;519
kocitella;Poland;06/09/2021;5500;606;483;2900;285;82
Pokelobo;N/A;06/09/2015;44100;464;225;63800;13700;780
DanStrogg;Russia;06/09/2013;62300;1900;578;5200;870;126
Joakim4;N/A;06/09/2021;2300;46;15;419;22;9
magicalwatercolor;Belgium;06/09/2021;7700;233;121;70;166;20
Sokb;Belarus;06/09/2020;1100;21;11;13;27;0
lilmeowmeowarts;Denmark;06/09/2023;11800;902;1400;2200;1300;423
IzARTela;Poland;06/09/2016;10600;321;214;2900;169;76
haruka-K;N/A;06/09/2010;19600;161;150;1300;300;94
Newfie-Stock;Canada;06/09/2019;2500;58;19;64;14;1
CalvinWaterman;N/A;06/09/2017;3700;160;25;526;67;26
ayjaja;N/A;06/09/2006;30700;474;202;2300;1300;244
Elka0815;Germany;N/A;60600;10900;973;43300;730;1100
elsableda;N/A;06/09/2008;86900;3000;118;466;301;167
Waltjan;France;06/09/2016;79700;5700;208;852;2100;758
gabull69;Germany;06/09/2023;10000;349;322;12000;295;403
ErikShoemaker;Germany;06/09/2006;924000;24000;1200;25600;67200;8600
Yonetee;N/A;06/09/2009;81400;847;338;1900;15800;1700
cagdasdemiralp;Poland;06/09/2016;18700;505;194;108;155;34
MiCorazonMexica;Mexico;06/09/2023;583;34;0;0;3;3
TheKendallKathryn;N/A;06/09/2021;10200;63;70;649;94;22
MozartMo;N/A;06/09/2019;13600;532;233;7500;325;519
kocitella;Poland;06/09/2021;5500;606;483;2900;285;82
Pokelobo;N/A;06/09/2015;44100;464;225;63800;13700;780
DanStrogg;Russia;06/09/2013;62300;1900;578;5200;870;126
Joakim4;N/A;06/09/2021;2300;46;15;419;22;9
magicalwatercolor;Belgium;06/09/2021;7700;233;121;70;166;20
Sokb;Belarus;06/09/2020;1100;21;11;13;27;0
lilmeowmeowarts;Denmark;06/09/2023;11800;902;1400;2200;1300;423
IzARTela;Poland;06/09/2016;10600;321;214;2900;169;76
dillybea;N/A;06/09/2019;10000;667;127;4800;1300;67
RowanWyattArt;N/A;06/09/2021;19900;396;183;4500;3500;94
Csipesz;Hungary;06/09/2007;172700;2400;1300;85300;36600;8700
borda;N/A;06/09/2006;695100;20400;294;2000;2300;1400
kznsq;Ukraine;06/09/2020;7800;767;35;95;340;67
m-art-ell;N/A;06/09/2021;5900;458;412;1300;177;50
Laghrian;N/A;06/09/2013;N/A;N/A;N/A;N/A;N/A;N/A
lachouettemasq;Belgium;06/09/2017;862;19;0;1;3;1
CFORS-2022;Italy;06/09/2022;10400;1000;13;44;326;14
siander1985;Norway;06/09/2014;3200;259;76;77;6;13
KiraCorporal;Ukraine;06/09/2021;2100;152;258;61;20;12
Kate-Venom;Russia;06/09/2011;163200;3800;369;17400;5800;790
Matti4479;Germany;06/09/2017;1200;146;160;2600;277;211
jadedPhotographer;N/A;06/09/2010;45400;645;143;945;4100;714
TheArtsOfCharlie;N/A;06/09/2017;6700;342;597;1100;978;191
FabulaPhoto;N/A;06/09/2006;57500;1200;534;4000;5800;641
RomainAdd;France;06/09/2020;4000;93;16;12;6;1
Winterkeep;France;06/09/2012;117500;8400;33;489;3300;295
JohannesVIII;France;06/09/2008;238100;1800;259;5400;13400;1300
Senzune;N/A;06/09/2010;N/A;N/A;N/A;N/A;N/A;N/A
Oxyartspro;N/A;N/A;2600;163;28;501;673;63
mohq;Canada;06/09/2013;18300;296;114;155;248;20
MoonBlueXx;Spain;06/09/2021;18000;1700;1800;113300;1900;3500
BorislavKostov;Bulgaria;06/09/2004;71700;1200;342;1100;6300;2800
StephanePellennec;Finland;06/09/2007;362400;3800;904;26900;61600;12400
dar--tiss;Belarus;06/09/2021;5700;1000;26;33;343;48
Den-99;Russia;06/09/2019;52500;3400;1900;2300;3700;212
heechee2;Spain;06/09/2023;3200;233;71;2100;217;116
aztlanwayne;N/A;06/09/2009;30700;802;725;16300;16700;2000
myramato;N/A;06/09/2021;2400;186;103;253;429;12
langkehun;Singapore;06/09/2021;488;69;14;0;14;2
itzfahimhasan;Bangladesh;06/09/2023;5000;394;562;632;1200;265
robogai;N/A;06/09/2016;16300;1500;48;1300;367;174
hotamr;Egypt;06/09/2008;165100;2900;288;1500;3600;371
CREADFECTUS;ArtStation;06/09/2021;N/A;N/A;N/A;N/A;N/A;N/A
Filthy-Hands;France;06/09/2014;24200;616;1000;31100;3200;2400
KISMUKI;Hungary;06/09/2020;31800;2600;96;264;23200;262
Justb1aze;N/A;06/09/2013;47200;2900;359;304;489;681
ternovye;N/A;06/09/2020;5600;507;1;0;15;18
Ugunsmeita;Germany;06/09/2015;2800;122;23;2200;34;19
subhankar-biswas;India;06/09/2010;79800;1600;421;6700;11600;1400
yulietalen;N/A;06/09/2012;4400;290;315;4800;154;302
Stingsman21;Ukraine;06/09/2022;10200;1200;1400;30600;17500;2200
Kipine;Finland;06/09/2010;566300;26400;572;2700;6500;1600
PlacidAnemia;N/A;06/09/2009;113100;1100;552;29600;16400;3200
scratchproductions;N/A;06/09/2010;36500;1000;999;529;4600;338
Eduardo-Pena;N/A;06/09/2014;79700;4000;10;0;156;64
Adooke;N/A;06/09/2020;9800;800;122;755;231;53
VedMedic;Ukraine;06/09/2019;57200;1600;188;10800;953;834
xavbouss;France;06/09/2011;19700;1100;1400;31400;5200;1500
zemoto;N/A;06/09/2003;50600;1800;572;72000;37200;6000
mangolily0;N/A;06/09/2017;4900;127;71;140;59;24
AImages;Hungary;06/09/2015;67600;3600;1000;9900;24;250
SalmVil;N/A;06/09/2015;33700;1200;118;196;433;20
mingrutu;N/A;06/09/2012;84200;3100;24;21;450;251
rfamedia;Germany;06/09/2023;866;44;29;351;69;46
Catlaxy;France;06/09/2011;59500;1200;791;15900;4500;942
nothoneybee;Ireland;06/09/2018;11100;862;377;18900;3500;977
Julia-Pokelin;Spain;06/09/2017;13800;1300;340;2200;973;143
Eithnne;Netherlands;06/09/2016;35700;811;196;521;2900;163
BlackSpiralDancer1;N/A;06/09/2013;144500;1600;188;124700;25900;17900
Limerami-art;Finland;06/09/2018;65099;2200;596;18200;7300;645
britegreenfish;N/A;06/09/2010;33600;878;2100;9800;8900;2100
JustCallMeMrm;Canada;06/09/2021;2100;89;17;32;270;6
Storae;N/A;06/09/2009;N/A;N/A;N/A;N/A;N/A;N/A
vikingstevo;Macedonia;06/09/2021;3500;536;133;86;55;20
aniripal;N/A;06/09/2007;72700;815;781;80300;4700;5000
KrakenInWonderland;N/A;06/09/2023;51500;1500;393;65900;16300;3900
Fel-X;Poland;06/09/2010;283300;8300;170;1200;3500;1200
LuckyKeLi;Slovenia;06/09/2014;7500;125;153;1700;147;154
Lilliepad97;Netherlands;06/09/2019;5500;192;127;4400;80;41
chmibl;N/A;06/09/2020;2000;1100;93;427;64;50
EsmeraldaWetterwaX;Germany;06/09/2019;1400;103;95;704;78;32
ERA7;N/A;06/09/2018;563000;22700;3300;213100;30700;11400
nesskyart;N/A;06/09/2019;13900;441;89;25700;2800;479
sophieindustries;N/A;06/09/2022;2400;121;43;14;96;36
limnides;N/A;06/09/2008;N/A;N/A;N/A;N/A;N/A;N/A
solariaSOL;Kazakhstan;06/09/2022;1500;73;18;11;22;7
Aloba;Spain;06/09/2007;65600;274;176;6000;7900;1900
MaryColourAddicted;Ukraine;06/09/2021;6500;475;111;538;300;44
CorvidArtzz;N/A;06/09/2023;10400;596;2;24;47;27
Xebelion;Turkey;06/09/2021;14600;1200;859;22200;54;1100
VladislavPantic;N/A;06/09/2012;173700;6200;496;446;630;153
Hengki24;Indonesia;06/09/2008;537300;10700;600;42200;38800;13700
meiz001;Japan;06/09/2023;6400;327;28;100;81;30
WildlifeAddict;N/A;06/09/2008;6900;201;32;9;49;25
Clematis-Grata;Russia;06/09/2009;32400;376;29;555;1900;463
KaisArtbook;Germany;06/09/2007;23000;1400;58;486;809;178
HekaKon;N/A;06/09/2015;5800;246;190;1300;16;81
KILEZABALA;Argentina;06/09/2011;19700;213;53;187;113;54
Mosimyri;N/A;06/09/2022;15800;1100;866;26900;2700;2100
JaiHirvi;N/A;06/09/2013;29500;322;477;11300;1400;485
AmadiHunt;N/A;06/09/2012;53600;1800;389;3500;2400;218
gretabluart;Italy;06/09/2022;3500;254;553;1400;876;207
chomga-anna-dakota;N/A;06/09/2017;58700;6800;87;302;1000;76
SonyaChueva;Japan;06/09/2020;722;29;0;28;0;5
MPercival;Uruguay;06/09/2013;3900;145;25;27;52;12
niklin1;Sweden;06/09/2014;74700;1600;221;12700;21200;1900
Santeza;Russia;06/09/2016;15100;274;274;763;921;84
EL-KALKU;N/A;06/09/2009;43000;382;332;2100;221;33
sesam-is-open;Romania;06/09/2010;331900;3000;3100;203700;346300;82500
VoidGift;Norway;06/09/2023;17500;1400;161;24700;2900;1800
guinnessyde;N/A;06/09/2006;125900;3500;125;196;4700;664
JCV-Photography;Netherlands;06/09/2013;14000;57;27;68;31;2
AdanyaCroft;N/A;06/09/2023;2400;97;4;4;13;4
leourrio;N/A;06/09/2023;8600;281;177;1100;578;176
merlynnart;N/A;06/09/2021;2300;107;96;314;98;26
ArtsvilleHandcrafted;India;06/09/2020;7600;407;36;918;169;51
hifarry;N/A;06/09/2004;107700;5100;193;111;1400;210
marcilles;Poland;06/09/2021;876;26;4;1;0;1
AlpacaCarlesi;Chile;06/09/2006;129300;6300;328;4000;4900;1100
MARCO-E;N/A;06/09/2014;N/A;N/A;N/A;N/A;N/A;N/A
angevla;N/A;06/09/2015;63900;3100;168;42600;17700;3300
KovoWolf;N/A;06/09/2004;864600;9600;2800;32299;56900;9100
EliArtsy;France;06/09/2023;1400;57;28;928;19;13
IckyDog;N/A;06/09/2009;93100;966;477;757;10900;1800
Dreamear;N/A;06/09/2018;17400;1300;174;1400;3100;196
Louivi;N/A;06/09/2008;N/A;N/A;N/A;N/A;N/A;N/A
Awkwardos;N/A;06/09/2016;216300;11500;3000;10200;22100;1400
UnexpectedToy;N/A;06/09/2010;N/A;N/A;N/A;N/A;N/A;N/A
Christadr;Greece;06/09/2016;6000;347;312;10800;730;1100
basiceagles;Russia;06/09/2015;2800;331;0;0;51;23
TaliusDesigns;N/A;06/09/2016;29400;2000;446;471;2500;215
Stevefineart;Thailand;06/09/2023;4500;256;12;151;258;22
horminum;Russia;06/09/2017;6000;425;336;317;126;28
EezySeven;Philippines;06/09/2016;215700;2900;538;5500;4800;991
Louna-Ashasou;France;06/09/2011;68400;1200;309;2100;27300;2100
TheArtOfCluke;N/A;06/09/2019;6000;199;242;4600;143;244
Lovepeace-S;Vietnam;06/09/2010;93500;3800;1300;1300;7600;1800
ersi;Spain;06/09/2007;150200;1000;368;22800;30100;8300
Aramisdream;Italy;06/09/2008;271400;5100;875;28100;31000;3000
kevissimo;N/A;06/09/2004;411800;5200;247;622;7300;2800
TeroPorthan;N/A;06/09/2017;N/A;N/A;N/A;N/A;N/A;N/A
HELLGIRLFIREFLY;N/A;06/09/2012;N/A;N/A;N/A;N/A;N/A;N/A
LRKDM;N/A;06/09/2021;6500;720;27;182;178;35
johnesorge;N/A;06/09/2014;4000;109;115;598;64;42
Darnok9;N/A;06/09/2017;46300;1800;401;51700;1200;1100
StupidCat2708;Thailand;06/09/2018;1100;69;42;101;50;4
WopGnop;Italy;06/09/2023;43200;2300;65;7300;11500;853
dreksee;Mexico;06/09/2012;2800;38;32;82;26;6
highdarktemplar;Chile;06/09/2006;253700;5000;104;593;5000;1000
MSGoesDeviant;Germany;06/09/2015;18400;1200;629;13900;3800;1800
SylvainPeh;N/A;06/09/2015;29700;1900;1200;46700;373;3000
watercolorush;Morocco;06/09/2023;N/A;N/A;N/A;N/A;N/A;N/A
EezySeven;Philippines;06/09/2016;215700;2900;538;5500;4800;991
Louna-Ashasou;France;06/09/2011;68400;1200;309;2100;27300;2100
TheArtOfCluke;N/A;06/09/2019;6000;199;242;4600;143;244
Lovepeace-S;Vietnam;06/09/2010;93500;3800;1300;1300;7600;1800
ersi;Spain;06/09/2007;150200;1000;368;22800;30100;8300
Aramisdream;Italy;06/09/2008;271400;5100;875;28100;31000;3000
kevissimo;N/A;06/09/2004;411800;5200;247;622;7300;2800
TeroPorthan;N/A;06/09/2017;N/A;N/A;N/A;N/A;N/A;N/A
HELLGIRLFIREFLY;N/A;06/09/2012;N/A;N/A;N/A;N/A;N/A;N/A
LRKDM;N/A;06/09/2021;6500;720;27;182;178;35
johnesorge;N/A;06/09/2014;4000;109;115;598;64;42
Darnok9;N/A;06/09/2017;46300;1800;401;51700;1200;1100
StupidCat2708;Thailand;06/09/2018;1100;69;42;101;50;4
WopGnop;Italy;06/09/2023;43200;2300;65;7300;11500;853
dreksee;Mexico;06/09/2012;2800;38;32;82;26;6
highdarktemplar;Chile;06/09/2006;253700;5000;104;593;5000;1000
Du8Prime;N/A;06/09/2023;3500;278;111;40;81;13
MSGoesDeviant;Germany;06/09/2015;18400;1200;629;13900;3800;1800
SylvainPeh;N/A;06/09/2015;29700;1900;1200;46700;373;3000
AnastasiaElf;Poland;06/09/2020;N/A;N/A;N/A;N/A;N/A;N/A
0bonbon;N/A;06/09/2022;N/A;N/A;N/A;N/A;N/A;N/A
watercolorush;Morocco;06/09/2023;N/A;N/A;N/A;N/A;N/A;N/A
FeynaSkydancer;N/A;06/09/2016;64200;630;834;4300;14100;782
Narnicissa;N/A;06/09/2014;N/A;N/A;N/A;N/A;N/A;N/A
NicholasHansenArt;N/A;06/09/2023;2200;120;43;4;8;6
DesDeemona;N/A;06/09/2009;16400;151;139;1600;445;92
DC-Miller;Canada;06/09/2008;374200;7600;227;10800;5700;7800
ArtByLue;N/A;06/09/2023;7600;192;499;27700;590;919
HillaryWhiteRabbit;N/A;06/09/2005;321700;4400;87;871;3400;636
AnnRavenshieldArt;N/A;06/09/2012;N/A;N/A;N/A;N/A;N/A;N/A
Evi-gilatio;N/A;06/09/2019;30900;2500;203;1600;419;37
SELLERIE-Y;N/A;06/09/2020;6100;327;467;8300;1300;431
blumbrll;France;06/09/2021;2300;115;295;62;23;9
Nekomanya;Kyrgyzstan;06/09/2022;7900;713;119;417;358;34
HaithamKhalifa;N/A;06/09/2009;80600;1400;879;36500;16300;13800
iamxam;Philippines;06/09/2011;16600;123;216;64;359;161
Wyrmilion;N/A;06/09/2022;2300;225;131;109;76;30
WhiteFangKakashi300;N/A;06/09/2008;795200;3700;1500;129800;62400;34500
josuele;Brazil;06/09/2015;1800;67;0;0;2;0
IrynaNimmoArt;N/A;06/09/2023;581;2;2;5;0;0
DigitalMuses;N/A;06/09/2021;N/A;N/A;N/A;N/A;N/A;N/A
FranticMezmer;N/A;06/09/2006;57900;497;201;5700;2300;415
elcuartodejuegos;Uruguay;06/09/2023;543;36;80;81;3;18
Dingoat;N/A;06/09/2013;17400;232;121;157;335;28
DavidMnr;France;06/09/2013;269500;7300;2600;289900;122600;37700
EnysGuerrero;Chile;06/09/2010;188600;7500;571;502;4400;796
Jarquin10;N/A;06/09/2013;168900;1100;1100;1400;3500;1200
todehauff;N/A;06/09/2007;24400;436;108;5600;2500;367
X-ZELFA;N/A;06/09/2011;240200;6200;161;6500;4600;949
Sanchiko;Russia;06/09/2011;221900;8500;228;804;3000;1000
atlasone;N/A;06/09/2013;4400;114;16;9;71;22
ShadowInkWarrior;Netherlands;06/09/2012;474100;7800;29;2700;41100;8900
punknower;N/A;06/09/2015;6300;198;233;244;209;11
Dreampaint68;France;06/09/2020;15700;1000;362;17300;367;1000
ofSkySociety;N/A;06/09/2006;325400;17900;633;831;4000;984
IsadoraMRS;Brazil;06/09/2016;7700;338;263;2300;407;133
Phraggle;N/A;06/09/2004;594100;4700;2000;158800;88800;21100
hadeeldar;N/A;06/09/2010;9400;83;84;1100;1100;89
Zw3ihanders;Poland;06/09/2021;30800;1100;175;57200;5600;1700
PhaseRunner;N/A;06/09/2020;80300;6300;7;11;204;55
Inna-Vjuzhanina;Ukraine;06/09/2010;349700;12300;406;11900;14100;4800
itoscaresme;N/A;06/09/2022;1500;91;2;0;5;11
FleshQB;Netherlands;06/09/2012;191400;10500;738;2100;11000;861
Skeletoots;N/A;06/09/2010;34200;612;112;649;2300;363
xMEYOx;Russia;06/09/2019;20900;983;496;159;5900;28
Wen1ci;Philippines;06/09/2015;35200;1600;1000;214700;8200;8100
IsakiYukihara;Switzerland;06/09/2009;80200;853;1800;50800;92300;21600
MilosLach;N/A;06/09/2022;7500;711;76;52;514;47
raining-petals;N/A;06/09/2015;38900;2000;213;1100;1700;310
AIDove;India;06/09/2018;20500;1700;519;101900;3300;4300
Forty-Fathoms;N/A;06/09/2008;N/A;N/A;N/A;N/A;N/A;N/A
Bouzuki;Hungary;N/A;17500;1200;140;47;172;51
timekept;N/A;06/09/2010;175900;2300;598;8800;12100;1700
Kumiho-kami;N/A;06/09/2012;24500;569;170;477;298;42
Topelune;France;06/09/2007;167600;3600;240;4600;2800;1200
NebieTheMistwing;N/A;06/09/2022;3400;106;72;1200;269;48
ElementalSiri;N/A;06/09/2023;1900;63;46;2400;67;48
gregor-kari;Germany;06/09/2011;127800;5900;92;10400;7500;920
Enry500;Italy;06/09/2013;13800;129;148;757;66;27
Ylva-Cosplay;N/A;06/09/2016;35300;882;39;25;56;31
MarianTraum;Russia;06/09/2021;1100;16;0;0;0;1
seahawk-23;N/A;06/09/2021;3200;298;48;122;127;33
Acaciathorn;N/A;06/09/2006;796000;10800;744;2400;76200;7100
Dragibuz;France;06/09/2014;171800;9200;312;181;1500;777
FeliStaOMG;Russia;06/09/2015;13000;325;465;597;243;37
OhMiSweetGoodness;N/A;06/09/2013;19300;299;70;73;676;31
alinacitasci56;Turkey;06/09/2017;25800;1200;67;80400;9300;3900
JadeMerien;N/A;06/09/2012;415800;19800;1000;609;6000;1600
DSICN;Russia;06/09/2018;590;93;1;76;2;3
Nodensartist;Ukraine;06/09/2022;25700;2400;911;1400;1500;58
Coristo4;Germany;06/09/2019;11700;596;47;2100;38;26
Erdbeerstern;Germany;06/09/2007;160300;3600;688;19300;46700;6400
DemonburnerV;N/A;06/09/2008;3400;270;132;128;17;16
Mom0San;N/A;06/09/2005;91700;991;790;9100;16100;3900
FiresrosesOficial;Spain;06/09/2013;2500;155;13;3;146;16
L-E-N-T-E-S-C-U-R-A;N/A;06/09/2013;294100;9500;751;14900;5400;2000
LIv9d;N/A;06/09/2017;12600;1200;725;71300;643;3100
JoaRosa;N/A;06/09/2011;119100;4000;134;4100;2500;920
emma-stock;N/A;06/09/2015;3600;14;7;6;27;12
Fell418;N/A;06/09/2011;21500;2500;77;621;849;87
HDIArt;Vietnam;06/09/2020;39400;3600;467;2300;775;61
StevenDavisPhoto;N/A;06/09/2009;92700;1800;218;419;1600;480
j0s2m21;N/A;06/09/2004;20700;146;258;1600;2100;558
litori;Poland;06/09/2010;69000;1100;26;15;160;132
LacrimareObscura;N/A;06/09/2017;116800;2800;2700;16100;16600;2100
MightyRay;Australia;06/09/2012;148900;1900;238;153000;25600;20500
LuckyKaiju;N/A;06/09/2022;4600;295;320;1100;106;29
ArthurAhrlin;Sweden;06/09/2023;7900;352;140;2100;4500;577
saintfallen;N/A;06/09/2015;35000;1900;837;752;1500;181
NiceFluffy;N/A;06/09/2022;12000;1800;5;3;11;8
BittieBites;Spain;06/09/2021;2300;213;20;48;17;4
sirustalcelion;N/A;06/09/2009;18200;135;75;158;583;44
dkart71;N/A;06/09/2011;121200;2000;0;0;8000;1200
PaigeCompositor;N/A;06/09/2012;18300;1200;606;34700;1700;1300
Triplechoc;France;06/09/2019;23600;637;663;13100;20800;1300
LiliiaBeda;Ukraine;06/09/2011;76900;2300;1500;5;1200;473
kenket;N/A;06/09/2003;636500;28100;175;271;78;1500
donotbeatme;Belarus;06/09/2022;N/A;N/A;N/A;N/A;N/A;N/A
Vorueg;N/A;06/09/2020;22800;1300;82;909;272;27
Melody-of-Forest;Russia;06/09/2014;11400;555;245;139;251;25
darpustoshi;N/A;06/09/2012;50900;1700;789;4400;797;158
Francisco-Landa;Spain;06/09/2012;28000;693;413;7400;1200;162
rosaarvensis;N/A;06/09/2008;124700;3000;306;15800;38600;5100
AriaHanami;Germany;06/09/2021;4200;317;48;104;147;20
SchwarzWieEbenholZ;Germany;06/09/2006;211200;4200;374;20500;76100;5200
Frayed-Symphony;N/A;06/09/2004;188300;1300;1200;13200;32600;5200
FEB43;France;06/09/2020;18500;295;514;30;1200;73
fairchildart;N/A;06/09/2007;584000;22700;104;700;21500;6800
A-Separate-Reality;N/A;06/09/2012;N/A;N/A;N/A;N/A;N/A;N/A
Soldierlamma567;Singapore;06/09/2021;2000;38;3;98;20;4
DerBuettner;Germany;06/09/2015;64400;3100;687;22800;3400;1200
DevilLivedCYN;N/A;06/09/2010;61100;2800;625;12900;5300;1500
FlyingFadoodle;N/A;06/09/2022;898;31;11;32;8;0
Kaminskyyy;Poland;06/09/2018;9000;78;35;2600;192;60
pillendrehr;N/A;06/09/2013;32700;483;62;1400;3900;215
RoixDoix;N/A;06/09/2017;7400;154;117;1700;306;102
ChromaArtist;France;06/09/2021;12800;1500;15;143;146;81
JBergen1910;Canada;06/09/2017;85700;1600;2900;83500;10200;1400
Xenija88;Poland;06/09/2012;279600;5100;51;323;5200;951
LAPKATE;Russia;06/09/2018;505;25;0;0;1;6
art-bat;Russia;06/09/2008;76800;1900;52;294;731;181
FrodoK;Poland;06/09/2005;237700;6900;91;28;3300;1500
OOAK-AI;France;06/09/2022;4800;269;12;57;1;1
JeanLouisBouzou;N/A;06/09/2023;5000;288;274;10100;2500;979
Nighttou;Philippines;06/09/2022;692;16;0;0;1;0
DeoxyDiamond;Brazil;06/09/2014;33300;641;133;209;202;51
Dumaker;N/A;06/09/2005;170000;2400;430;15700;12100;4100
aerroscape;Germany;06/09/2013;281400;13500;356;3000;6400;1400
soon38;France;06/09/2010;57800;2100;274;1300;780;234
JonnyGoodboy;N/A;06/09/2003;287700;6200;442;126500;88200;18300
deep-diffusion;N/A;06/09/2019;1500;132;5;22;6;2
notktf;N/A;06/09/2015;1200;44;8;0;8;3
JusstLiina;Chile;06/09/2023;485;7;0;0;6;9
IrinaKapi;N/A;N/A;20800;646;248;30100;2600;1900
FantomArtZ;N/A;06/09/2021;92500;5800;21;876;3000;330
bourismichalis;N/A;06/09/2011;10300;136;237;240;1500;60
KAWesly;N/A;06/09/2023;2300;94;294;147;53;37
Sergio37;Argentina;06/09/2009;43600;350;1600;49000;1300;673
Dawnsonarts;Brazil;06/09/2023;9300;114;185;2300;202;35
Erzafire;N/A;06/09/2017;12100;360;52;806;57;51
artbyworth;N/A;06/09/2022;2200;165;14;22;55;9
mariaskoll;Russia;06/09/2019;11000;528;386;151;1000;552
archiwyzard;France;06/09/2017;14800;2100;629;935;1100;278
Canankk;N/A;06/09/2009;540400;3700;1400;172800;194800;64800
Dazart50;N/A;06/09/2014;7800;256;358;4800;3000;420
pep58;Spain;06/09/2023;2000;100;251;1800;1100;83
Kvaale;Norway;06/09/2014;12500;139;11;10;29;16
HelenIlnytska;Ukraine;06/09/2019;12400;842;95;60;270;57
Gh0stB4st4rd;Antarctica;06/09/2019;10300;800;461;847;62;73
sleepparaclownsis;N/A;06/09/2014;3100;275;264;338;103;40
SalHunter;N/A;06/09/2005;129900;1700;580;12400;28100;2900
NeantAI;N/A;06/09/2007;25100;1400;1200;1500;1700;264
Siriusaya;Norway;06/09/2008;40800;175;210;3000;6200;620
Webrosman;Bangladesh;06/09/2021;4700;233;25;749;165;17
ArtbySandiJohnson;N/A;06/09/2004;136000;1400;139;2400;28800;1900
WhiteLiesArt;N/A;06/09/2017;16900;893;265;382;776;18
tholang;Germany;06/09/2012;74100;1200;280;4000;8400;1600
Annabelle-Chabert;N/A;06/09/2008;145200;4000;786;2100;10200;940
CyrilleGuedon;France;06/09/2019;14700;381;408;1500;402;77
FantomeLe;N/A;06/09/2020;17300;175;131;16100;736;251
LanaKarpy;Russia;06/09/2018;1200;43;42;23;7;2
Mad-Capricorn;Russia;06/09/2022;1800;107;94;723;108;17
brysukun;Philippines;06/09/2021;1800;116;27;69;13;2
tohyasu;N/A;06/09/2019;1500;173;0;0;0;3
Aravind-Reddy-Tarugu;N/A;06/09/2022;6900;239;188;1700;1000;227
BralynFuller;N/A;06/09/2021;1400;29;25;405;21;2
Lensar;Ukraine;06/09/2012;141100;4500;125;28;300;217
shnestor;N/A;06/09/2021;14000;627;371;9000;569;1100
davyk16;N/A;06/09/2005;7500;70;48;87;648;65
Misticon;Israel;06/09/2016;N/A;N/A;N/A;N/A;N/A;N/A
dollynet;N/A;06/09/2013;5200;64;28;53;31;4
nicolefrystudios;Singapore;06/09/2021;16700;1100;460;60100;93;2800
Velocom;Austria;06/09/2019;36300;1300;1700;101000;4800;4200
rvsd;Cuba;06/09/2018;5500;624;92;15;34;23
Lora-Vysotskaya;Ukraine;06/09/2015;255400;7000;381;151200;68100;8100
titoesalvaro;Spain;06/09/2014;9800;733;64;3500;177;71
trustinnerwisdom;Denmark;06/09/2023;9300;537;12;49;142;32
Lunaotic;Poland;06/09/2014;22300;2400;1400;2100;1100;199
bobreesling;Italy;06/09/2023;4500;208;113;5500;535;469
feslerrr;N/A;06/09/2021;2600;331;183;0;76;10
darkroominations;N/A;06/09/2022;749;33;0;0;4;3
SakuraBlossomPxl;N/A;06/09/2023;N/A;N/A;N/A;N/A;N/A;N/A
Fixaidea;N/A;06/09/2022;1300;44;16;159;4;11
Ksm17;N/A;06/09/2004;23300;273;141;621;2900;112
bwall49;N/A;06/09/2012;30100;1500;804;2600;2200;352
ChenTPS;Taiwan;06/09/2016;4200;128;20;2;22;2
Evjaison;Russia;06/09/2021;5500;786;753;189;20;48
Eldr-Fire;N/A;06/09/2008;52700;359;1700;35400;13500;3100
natalievonraven;Canada;06/09/2008;47700;1200;137;788;9700;341
khachung97;Vietnam;06/09/2017;2600;93;3;10;22;6
artsbyZer0;N/A;06/09/2013;212700;5000;59;3500;3300;8200
Lermie;N/A;06/09/2021;3200;44;9;82;57;7
MichaelMathews-Art;N/A;06/09/2013;8000;136;61;280;269;59
EmeraldHXH879;Sweden;06/09/2021;42900;586;972;3900;823;444
aweldeng;N/A;06/09/2012;18500;164;138;1600;3300;84
MONRAYD;N/A;06/09/2020;2500;77;119;41;72;3
AugustinasRaginskis;N/A;06/09/2013;265400;11200;846;230900;1700;8500
ITM-FFF;Russia;06/09/2012;27900;768;79;205;156;75
CCDriver;N/A;06/09/2013;95000;2200;277;1100;8000;533
JohnnyAzad;N/A;06/09/2017;59100;3400;161;54;399;98
madspartan013;N/A;06/09/2008;634600;23900;70;674;562;642
RolfBruehwiler;Switzerland;06/09/2011;33900;1100;377;527;1200;214
kurtronginau;Russia;06/09/2022;1900;105;223;576;66;3
Straygator69;N/A;06/09/2015;52000;3000;537;1000;2800;86
HarmaaGriffin;N/A;06/09/2012;48500;695;1100;7400;3400;652
StarLghtFox;N/A;06/09/2023;2300;173;82;5800;135;281
NeoluneRose;Austria;06/09/2014;13700;183;118;712;158;14
Fuzz-i;N/A;06/09/2009;14200;295;308;1000;1100;243
LadyDeddelit;Italy;06/09/2007;148500;3200;1100;5800;24100;3400
wmikaelart;Brazil;06/09/2022;3300;292;49;40;36;7
Amaryllex;N/A;06/09/2008;N/A;N/A;N/A;N/A;N/A;N/A
Zeitzbach;Thailand;06/09/2012;79700;2000;235;438;1100;300
NumiRen;N/A;06/09/2018;19600;1300;140;1500;659;46
xManToo;N/A;N/A;12900;526;83;34;3400;79
Artos777;Norway;06/09/2017;3000;422;897;4900;267;281
Lechu-zAz;Mexico;06/09/2019;7100;281;54;31;85;26
Rowan5171;N/A;06/09/2023;4300;253;102;4600;6900;420
KrobertPlarderie;N/A;06/09/2021;1600;84;5;34;43;7
LukasFractalizator;N/A;06/09/2014;150100;2400;844;11300;20900;3100
Wen1ci;Philippines;06/09/2015;35200;1600;1000;214700;8200;8100
IsakiYukihara;Switzerland;06/09/2009;80200;853;1800;50800;92300;21600
MilosLach;N/A;06/09/2022;7500;711;76;52;514;47
raining-petals;N/A;06/09/2015;38900;2000;213;1100;1700;310
AIDove;India;06/09/2018;20500;1700;519;101900;3300;4300
Forty-Fathoms;N/A;06/09/2008;N/A;N/A;N/A;N/A;N/A;N/A
Bouzuki;Hungary;N/A;17500;1200;140;47;172;51
timekept;N/A;06/09/2010;175900;2300;598;8800;12100;1700
Kumiho-kami;N/A;06/09/2012;24500;569;170;477;298;42
Topelune;France;06/09/2007;167600;3600;240;4600;2800;1200
NebieTheMistwing;N/A;06/09/2022;3400;106;72;1200;269;48
ElementalSiri;N/A;06/09/2023;1900;63;46;2400;67;48
gregor-kari;Germany;06/09/2011;127800;5900;92;10400;7500;920
Enry500;Italy;06/09/2013;13800;129;148;757;66;27
Ylva-Cosplay;N/A;06/09/2016;35300;882;39;25;56;31
MarianTraum;Russia;06/09/2021;1100;16;0;0;0;1
seahawk-23;N/A;06/09/2021;3200;298;48;122;127;33
Acaciathorn;N/A;06/09/2006;796000;10800;744;2400;76200;7100
Dragibuz;France;06/09/2014;171800;9200;312;181;1500;777
FeliStaOMG;Russia;06/09/2015;13000;325;465;597;243;37
OhMiSweetGoodness;N/A;06/09/2013;19300;300;70;73;676;31
marspillow;N/A;06/09/2021;2500;158;31;14;80;13
MadDogMooreStudio;N/A;06/09/2015;5000;702;2100;4700;449;472
harrietsfriend;N/A;06/09/2010;167400;2900;3800;119300;15300;10100
jlfractals;Spain;06/09/2019;19900;722;3;0;1100;238
Phaelis;France;06/09/2016;14800;839;259;774;374;242
isartxxx;Russia;06/09/2022;4200;749;53;15;403;22
arsamarantine;Brazil;06/09/2022;1500;108;14;67;29;11
sohorn;Russia;06/09/2023;1700;140;204;300;423;4
2078;Russia;06/09/2007;386600;10200;361;567;645;831
X37TC;Malaysia;06/09/2021;3100;249;0;1;19;5
indyjr;Poland;06/09/2008;11800;1400;10;118;166;90
yesa1971;Germany;06/09/2019;7200;227;235;5400;263;60
DanielaIvanova;Germany;06/09/2014;107800;2500;541;14800;16800;1600
Marxiart;Poland;06/09/2022;4100;286;153;2000;954;340
D4RI4ELECTR4;N/A;06/09/2014;85200;3700;781;58700;32400;6100
CrispyToastYT;N/A;06/09/2009;466900;5500;905;1700;8600;1300
DamonWildFire;N/A;06/09/2019;27600;2400;167;60;403;20
BoKerny;Ukraine;06/09/2021;8800;733;6;0;20;10
JackKiraS;N/A;06/09/2017;139000;4000;516;399;7800;58
dexalermi;N/A;06/09/2017;3400;310;716;8600;144;505
Vikki-Look;N/A;06/09/2010;1300;39;6;1;13;2
MatchaAroma;N/A;06/09/2017;6900;300;151;153;69;8
KaliskiMilos;N/A;06/09/2021;9000;209;133;1700;741;230
Kipine;Finland;06/09/2010;566300;26400;572;2700;6500;1600
PlacidAnemia;N/A;06/09/2009;113100;1100;552;29600;16400;3200
scratchproductions;N/A;06/09/2010;36500;1000;999;529;4600;338
Eduardo-Pena;N/A;06/09/2014;79700;4000;10;0;156;64
Adooke;N/A;06/09/2020;9800;800;122;755;231;53
VedMedic;Ukraine;06/09/2019;57200;1600;188;10800;953;834
xavbouss;France;06/09/2011;19700;1100;1400;31400;5200;1500
zemoto;N/A;06/09/2003;50600;1800;572;72000;37200;6000
mangolily0;N/A;06/09/2017;4900;127;71;140;59;24
AImages;Hungary;06/09/2015;67700;3600;1000;9900;24;250
SalmVil;N/A;06/09/2015;33700;1200;118;196;433;20
mingrutu;N/A;06/09/2012;84200;3100;24;21;450;251
rfamedia;Germany;06/09/2023;870;44;29;351;69;46
Catlaxy;France;06/09/2011;59500;1200;791;15900;4500;942
nothoneybee;Ireland;06/09/2018;11100;862;377;18900;3500;977
Julia-Pokelin;Spain;06/09/2017;13800;1300;340;2200;973;143
MonsterInTheFridge;Germany;06/09/2017;23100;672;160;60300;4600;2500
Eithnne;Netherlands;06/09/2016;35700;811;196;521;2900;163
BlackSpiralDancer1;N/A;06/09/2013;144500;1600;188;124700;25900;17900
Limerami-art;Finland;06/09/2018;65099;2200;596;18200;7300;645
britegreenfish;N/A;06/09/2010;33600;878;2100;9800;8900;2100
alinacitasci56;Turkey;06/09/2017;25800;1200;67;80400;9300;3900
JadeMerien;N/A;06/09/2012;415800;19800;1000;609;6000;1600
DSICN;Russia;06/09/2018;590;93;1;76;2;3
Nodensartist;Ukraine;06/09/2022;25700;2400;911;1400;1500;58
Simanion;Australia;06/09/2006;167800;3200;473;3700;28200;4200
Coristo4;Germany;06/09/2019;11700;596;47;2100;38;26
Erdbeerstern;Germany;06/09/2007;160300;3600;688;19300;46700;6400
DemonburnerV;N/A;06/09/2008;3400;270;132;128;17;16
Mom0San;N/A;06/09/2005;91700;991;790;9100;16100;3900
FiresrosesOficial;Spain;06/09/2013;2500;155;13;3;146;16
L-E-N-T-E-S-C-U-R-A;N/A;06/09/2013;294100;9500;751;14900;5400;2000
LIv9d;N/A;06/09/2017;12600;1200;725;71300;643;3100
JoaRosa;N/A;06/09/2011;119100;4000;134;4100;2500;920
emma-stock;N/A;06/09/2015;3600;14;7;6;27;12
Fell418;N/A;06/09/2011;21500;2500;77;621;849;87
HDIArt;Vietnam;06/09/2020;39400;3600;467;2300;775;61
StevenDavisPhoto;N/A;06/09/2009;92700;1800;218;419;1600;480
j0s2m21;N/A;06/09/2004;20700;146;258;1600;2100;558
litori;Poland;06/09/2010;69000;1100;26;15;160;132
LacrimareObscura;N/A;06/09/2017;116800;2800;2700;16100;16600;2100
MightyRay;Australia;06/09/2012;148900;1900;238;153000;25600;20500
LuckyKaiju;N/A;06/09/2022;4600;295;320;1100;106;29
GrayAlienArt;N/A;06/09/2008;36300;1300;5000;2200;1400;903
KUMANZART;N/A;06/09/2018;76900;9800;28;11;634;65
TheoGothStock;N/A;06/09/2010;21000;225;29;60;107;20
dainbramage1;N/A;06/09/2005;112700;1600;515;12100;9400;1700
PsychedelicRealms;India;06/09/2020;13900;784;832;20100;4800;2700
glyretic;N/A;06/09/2022;7200;1000;254;657;168;32
Sanskarans;N/A;06/09/2008;207000;8000;298;1700;11600;1300
SeverelyHostile;N/A;06/09/2021;16900;860;1800;37100;1100;112
GraceDiehl;N/A;06/09/2018;3200;117;16;5;263;18
Gatarek;Poland;06/09/2017;2500;132;145;3000;12;97
Dorian-photoart;Russia;06/09/2012;58900;1200;325;338;321;68
PittoreDavo;N/A;06/09/2011;45400;295;177;678;2700;295
Plaiemobile;France;06/09/2022;14600;1700;126;1500;123;30
Kaawiss;Poland;06/09/2016;10800;1000;89;4800;234;184
Kusari-gatana;N/A;06/09/2019;25400;903;4900;34400;5900;1500
Dragolisco;Spain;06/09/2009;500900;16900;235;1600;10900;2300
TurnipStewdios;N/A;06/09/2011;599400;23600;901;3300;9000;1100
DetriTouru;Russia;06/09/2020;3200;213;155;93;31;2
Garbarek;Belgium;06/09/2004;49100;359;202;1000;1100;393
Linguart;Argentina;06/09/2022;1800;52;9;48;38;6
Sylfvr;France;06/09/2008;51500;1800;15;496;1700;343
sezarka;N/A;06/09/2015;17500;960;66;176;343;51
AGflower;Russia;06/09/2010;485700;17400;214;1700;3300;478
Chutriel;N/A;06/09/2006;11100;230;82;650;420;176
LevTai;N/A;06/09/2011;27600;850;4000;28200;645;969
FoxRabiscos;N/A;06/09/2017;58900;2500;134;292;271;58
paulofodra;Brazil;06/09/2005;11500;137;217;114;250;44
kirokaze;Peru;06/09/2015;366400;15600;212;875;2800;477
the-art-of-claude;Germany;06/09/2013;55300;539;84;1200;1600;142
Zglyph;N/A;06/09/2014;6100;93;41;427;32;42
teddybearcholla;N/A;06/09/2005;263300;1300;437;38600;101300;17600
nocottage;Canada;06/09/2018;2400;113;5;31;3;12
AiAinsley;Canada;06/09/2023;16500;969;1300;13500;3800;2000
ApollinArt;N/A;06/09/2016;87700;4500;1100;903;139;316
lpmaii;Vietnam;06/09/2017;67500;4200;153;93;458;216
La-Tete-Ailleurs;France;06/09/2010;47500;767;422;17000;15800;1800
gadskijarts;Russia;06/09/2015;1100;144;284;376;27;43
ArtForNel;N/A;06/09/2023;1000;54;0;26;50;0
MayaStudio;N/A;06/09/2009;12000;64;18;59;231;20
ashvillia;Greece;06/09/2023;12000;1600;1800;13900;2700;702
scargeear;N/A;06/09/2007;310000;3800;50;266;5900;643
SagaYellowburg;N/A;06/09/2017;9300;567;85;759;149;5
Mauvable;N/A;06/09/2011;8500;341;1100;1000;759;28
In-a-manual-lens;Poland;06/09/2019;3800;414;655;15500;252;677
ArthurAhrlin;Sweden;06/09/2023;7900;352;140;2100;4500;577
saintfallen;N/A;06/09/2015;35000;1900;837;752;1500;181
NiceFluffy;N/A;06/09/2022;12000;1800;5;3;11;8
BittieBites;Spain;06/09/2021;2300;213;20;48;17;4
sirustalcelion;N/A;06/09/2009;18200;135;75;158;583;44
dkart71;N/A;06/09/2011;121200;2000;0;0;8000;1200
PaigeCompositor;N/A;06/09/2012;18300;1200;606;34700;1700;1300
Triplechoc;France;06/09/2019;23600;637;663;13100;20800;1300
LiliiaBeda;Ukraine;06/09/2011;76900;2300;1500;5;1200;473
kenket;N/A;06/09/2003;636500;28100;175;271;78;1500
donotbeatme;Belarus;06/09/2022;N/A;N/A;N/A;N/A;N/A;N/A
Vorueg;N/A;06/09/2020;22800;1300;82;909;272;27
Melody-of-Forest;Russia;06/09/2014;11400;555;245;139;251;25
darpustoshi;N/A;06/09/2012;50900;1700;789;4400;797;158
Francisco-Landa;Spain;06/09/2012;28000;693;413;7400;1200;162
rosaarvensis;N/A;06/09/2008;124700;3000;306;15800;38600;5100
AriaHanami;Germany;06/09/2021;4200;317;48;104;147;20
SchwarzWieEbenholZ;Germany;06/09/2006;211200;4200;374;20500;76100;5200
Frayed-Symphony;N/A;06/09/2004;188300;1300;1200;13200;32600;5200
FEB43;France;06/09/2020;18500;295;514;30;1200;73
fairchildart;N/A;06/09/2007;584000;22700;104;700;21500;6800
A-Separate-Reality;N/A;06/09/2012;N/A;N/A;N/A;N/A;N/A;N/A
x-Celebril-x;Slovakia;06/09/2011;237300;9800;326;1000;3900;569
aiflux;Bulgaria;06/09/2015;10400;801;448;19100;1400;667
alexlibris999;N/A;06/09/2014;121800;3600;96;234;1600;356
Mariakolor;Poland;06/09/2018;2600;40;8;6;33;5
GLO-HE;N/A;06/09/2011;270200;2400;608;101100;257899;14800
aprilwithfluff;N/A;06/09/2006;14600;560;228;1000;388;177
TrevorSumners;N/A;06/09/2020;750;34;2;0;9;0
aegir2501;N/A;06/09/2004;36600;248;129;1700;3400;270
vividpixcel;N/A;06/09/2022;3700;179;239;902;230;57
TADA-Wade;Ukraine;06/09/2018;1900;83;40;12;29;28
lunamoonaaa;Finland;06/09/2021;4200;276;38;11;15;7
Nicolas-Clement;France;06/09/2020;21900;1300;512;53000;5500;1700
RyanneileN;Russia;06/09/2019;26300;2600;548;104;213;41
Dreamer1968august;Canada;06/09/2022;823;18;2;0;0;0
Coigach;N/A;06/09/2008;173900;1900;1500;51500;11700;7400
Syllie;Netherlands;06/09/2005;63700;3200;86;792;2100;243
sed;N/A;06/09/2001;108600;1600;171;1100;84000;2000
Ter-Jaiden;N/A;06/09/2012;75100;1800;707;2100;513;205
Hillamer;N/A;06/09/2016;24100;783;207;2500;1100;249
LeoniDrawings;Brazil;N/A;613;76;2;3;16;4
alexspline;Kazakhstan;06/09/2014;20400;1100;29;96;301;44
Leonhard-Knabl;Austria;06/09/2021;12700;1500;226;97;118;68
bellatrixaiden;Ukraine;06/09/2007;270100;9400;239;51;3000;699
FeynaSkydancer;N/A;06/09/2016;64200;630;834;4300;14100;782
Narnicissa;N/A;06/09/2014;N/A;N/A;N/A;N/A;N/A;N/A
NicholasHansenArt;N/A;06/09/2023;2200;120;43;4;8;6
DesDeemona;N/A;06/09/2009;16400;151;139;1600;445;92
DC-Miller;Canada;06/09/2008;374200;7600;227;10800;5700;7800
ArtByLue;N/A;06/09/2023;7600;192;499;27700;590;919
HillaryWhiteRabbit;N/A;06/09/2005;321700;4400;87;871;3400;636
AnnRavenshieldArt;N/A;06/09/2012;N/A;N/A;N/A;N/A;N/A;N/A
Evi-gilatio;N/A;06/09/2019;30900;2500;203;1600;419;37
SELLERIE-Y;N/A;06/09/2020;6100;327;467;8300;1300;431
blumbrll;France;06/09/2021;2300;115;295;62;23;9
Nekomanya;Kyrgyzstan;06/09/2022;7900;713;119;417;358;34
HaithamKhalifa;N/A;06/09/2009;80600;1400;879;36500;16300;13800
iamxam;Philippines;06/09/2011;16600;123;216;64;359;161
Wyrmilion;N/A;06/09/2022;2300;225;131;109;76;30
WhiteFangKakashi300;N/A;06/09/2008;795200;3700;1500;129800;62400;34500
josuele;Brazil;06/09/2015;1800;67;0;0;2;0
IrynaNimmoArt;N/A;06/09/2023;581;2;2;5;0;0
DigitalMuses;N/A;06/09/2021;N/A;N/A;N/A;N/A;N/A;N/A
FranticMezmer;N/A;06/09/2006;57900;497;201;5700;2300;415
elcuartodejuegos;Uruguay;06/09/2023;543;36;80;81;3;18
Dingoat;N/A;06/09/2013;17400;232;121;157;335;28
DavidMnr;France;06/09/2013;269500;7300;2600;289900;122600;37700
a-r-v;N/A;06/09/2005;49700;534;219;1400;1400;394
imochdifrisch;N/A;06/09/2018;2200;15;0;3;2;1
AsyaYordanova;N/A;06/09/2008;209900;8200;101;741;9000;2000
DeLumine;Canada;06/09/2013;145600;4000;310;11600;12600;1300
LucyDyerArt;N/A;06/09/2007;50300;545;115;3800;530;181
LisaBlack89-Adopt;Mexico;06/09/2009;102400;3400;4800;9500;7300;1800
ohmylore-arts;N/A;06/09/2023;N/A;N/A;N/A;N/A;N/A;N/A
AlemCoksa;N/A;06/09/2021;8500;374;157;223;419;87
Taski-Guru;N/A;06/09/2014;112000;3900;660;4900;5200;3500
supersnappz16;N/A;06/09/2016;59800;1300;1300;38900;25400;3100
Monsterofcreations;N/A;06/09/2019;583;8;1;0;0;0
themaplesyrupbandit;Switzerland;06/09/2021;1300;128;46;253;99;15
Madri22;Russia;06/09/2021;10000;252;309;418;199;15
CalicoGriffin;Poland;06/09/2015;48400;1300;171;129;2000;255
brejk82;Poland;06/09/2009;5800;46;18;359;105;30
Wolmine;Finland;06/09/2019;20400;351;3500;2800;248;312
FREETIMEARTIST;Ukraine;06/09/2013;19100;1000;0;1;72;24
Fonklor-32;Algeria;06/09/2016;23100;1700;611;3100;576;343
ellenent;Brazil;06/09/2013;130900;4400;391;5400;13000;718
JustDarik;N/A;06/09/2020;18000;1800;105;11;629;15
smartyleowl;N/A;06/09/2022;3900;168;2;5;45;7
ThatAnnoyingRabbit;N/A;06/09/2014;170600;1800;2500;28000;24000;12700
Sherharon;N/A;06/09/2012;74200;3300;422;1800;2900;241
Pajutee;N/A;06/09/2014;226900;7600;59;18;5000;986
DrWeeny;N/A;06/09/2008;6800;95;36;93;228;18
AI-Visions;N/A;06/09/2012;156000;3800;2000;95300;21500;3100
Jn3-gimorro;Malaysia;06/09/2015;134300;7400;102;431;224;173
Selezenka;N/A;06/09/2022;3000;293;531;1200;373;26
TheProjectIcarus;N/A;06/09/2023;44800;3800;208;115;342;52
CosmicPebbles;Canada;06/09/2021;5400;255;71;37;87;17
Cathy-Martin;N/A;06/09/2005;20200;127;72;919;927;198
D1sf0r14;Germany;06/09/2022;28500;722;835;13300;5300;1400
LdeagArt;Spain;06/09/2017;11700;711;233;386;314;45
Sylph264;N/A;06/09/2014;62200;1700;183;7100;7400;908
grimmgiraffe;N/A;06/09/2022;10100;492;97;1400;817;158
Avokad;Russia;06/09/2011;49500;2800;672;1200;818;196
TheNeverEndingPit;N/A;06/09/2011;19900;169;315;1600;10800;2300
HeronInFlight;Poland;06/09/2020;1400;68;51;109;16;2
matenrouMartina;N/A;06/09/2022;13100;1100;584;59100;478;3500
abduch-psd;Brazil;06/09/2022;852;18;1;3;17;1
Nikulina-Helena;Ukraine;06/09/2010;388600;12100;2000;5800;15200;1500
dashakern;Canada;06/09/2013;136400;4400;587;2200;11000;1300
lordEvilVader;N/A;06/09/2018;16700;1300;235;29700;2300;1400
Alicante-Design;N/A;06/09/2014;39900;502;222;3400;2400;422
bnl00;Brazil;06/09/2023;5000;375;133;176;84;31
Darkenaz;Hungary;06/09/2011;31900;1100;462;909;2400;225
AshnoAlice;Indonesia;06/09/2018;53600;4300;297;4700;1600;482
DBudden;N/A;06/09/2020;6000;560;1300;5500;441;393
LekMerken;Ukraine;06/09/2021;4300;151;363;380;96;6
shade-pl;Poland;06/09/2009;72400;1800;262;190;798;291
0Lionel0;Thailand;06/09/2019;18900;2300;109;27;2000;37
BittyHoneyBreez;N/A;06/09/2013;18100;146;127;652;586;37
Yioshka;N/A;06/09/2012;63900;3500;521;1200;2300;204
SylviaRitter;N/A;06/09/2008;530100;13800;48;21;1300;257
EdenChang;Taiwan;06/09/2017;19400;954;127;0;54;27
mmillenaar;N/A;06/09/2013;9100;150;54;68;866;31
Elevanka;N/A;06/09/2020;2700;108;204;1500;110;120
Elffyie;Brazil;06/09/2023;141900;11900;47;111;807;63
chrisearldraws;N/A;06/09/2022;576;22;29;98;4;6
EmqsArt;Canada;06/09/2020;17700;878;1;99;33;66
NerdyKnitterDesigns;N/A;06/09/2013;64200;686;416;9800;2100;868
dimary;Moldova;06/09/2009;164300;11300;535;648;3100;723
Olabukoo;N/A;06/09/2015;29500;3100;7;0;103;58
Tvonn9;N/A;06/09/2010;380600;13500;132;457;762;419
WhiteWillows;N/A;06/09/2008;50100;1300;675;82400;7500;4200
DanielKarlsson;Sweden;06/09/2011;140600;4500;74;399;3900;775
DamirHerak;N/A;06/09/2009;51900;1700;486;9300;5000;1600
PixelArthropods;Sweden;06/09/2017;1200;44;28;69;30;8
annamae22;N/A;06/09/2012;288500;2200;150;4100;5800;389
bramsels;N/A;06/09/2004;184800;9300;26;17;888;254
Pino44io;N/A;06/09/2009;225800;4900;370;4900;7200;348
waterhollow;N/A;06/09/2020;7200;278;8;0;26;17
aiffos;Ukraine;06/09/2023;1100;58;6;75;16;5
furukawa-rikka;Japan;06/09/2023;71800;1400;9;69;5;19
darkteim;N/A;06/09/2020;7300;166;1400;90;24;4
wonderingwellow;N/A;06/09/2020;12700;389;190;2100;2200;510
VixennM;N/A;06/09/2011;15300;676;805;2400;493;213
Himmis;Russia;06/09/2012;69500;4100;157;2400;3900;423
AlexLandish;Belgium;06/09/2007;182900;3700;90;1100;6800;1400
gecko-online;N/A;06/09/2011;54700;730;350;3200;13000;706
WhimsicalBlue;N/A;06/09/2012;168200;2900;1200;28100;71500;8700
CanadianMark;Canada;06/09/2020;12000;1700;68;359;123;64
TheFoxAndTheRaven;Netherlands;06/09/2011;178100;4000;143;1200;2100;704
istegy;N/A;06/09/2011;3700;57;63;686;55;77
LillyRosaUtilpha;Netherlands;06/09/2022;2100;25;9;88;185;14
Sherr-berry;N/A;06/09/2018;20800;2700;68;48;96;25
inkstain23;France;06/09/2023;4900;480;37;171;213;23
Nurrpu;N/A;06/09/2018;7600;570;228;30800;1600;1700
nanahwang;N/A;06/09/2018;1600;263;256;686;205;79
Moondyviolin;Italy;06/09/2023;1600;125;83;352;78;37
Esherymack;N/A;06/09/2010;76900;1200;146;3900;5500;848
VioletLum;Russia;06/09/2021;3300;206;40;107;304;8
Surehuinel;Greece;06/09/2010;91400;1100;1200;14000;26300;6300
wellowr;N/A;06/09/2010;50000;2400;427;23500;8200;963
maritunes;Brazil;06/09/2021;1600;324;53;39;66;23
0risana;Russia;06/09/2020;9800;790;239;291;147;22
GUDRUN355;N/A;06/09/2012;287200;3100;1700;350200;150500;63000
Lej-Ah;N/A;06/09/2008;131000;1500;137;379;577;147
ReneeTekent;Netherlands;06/09/2017;1200;44;62;370;57;13
MurrtKarrl;N/A;06/09/2011;6700;222;163;363;47;20
Foolish-Hearts;N/A;06/09/2018;N/A;N/A;N/A;N/A;N/A;N/A
ParthKothekar;India;06/09/2011;127600;2200;364;109;585;239
HaiaShouster;Israel;06/09/2010;37900;704;524;4900;17900;2000
KucingKecil-Cabin;Indonesia;06/09/2014;80300;2400;315;277;3600;264
arminmersmann2;N/A;06/09/2012;59700;1200;877;1500;3800;526
Flyy1;Israel;06/09/2007;325000;10800;699;16600;19800;1300
2BORN02B;Canada;06/09/2006;172100;2700;848;31400;41800;6400
Neriak;N/A;06/09/2006;113000;2000;730;9200;7900;3500
7thOdd;N/A;06/09/2018;23400;288;195;24300;8300;678
SoyBats-mae;N/A;06/09/2021;N/A;N/A;N/A;N/A;N/A;N/A
ArthurAhrlin;Sweden;06/09/2023;7900;352;140;2100;4500;577
saintfallen;N/A;06/09/2015;35000;1900;837;752;1500;181
NiceFluffy;N/A;06/09/2022;12000;1800;5;3;11;8
BittieBites;Spain;06/09/2021;2300;213;20;48;17;4
sirustalcelion;N/A;06/09/2009;18200;135;75;158;583;44
dkart71;N/A;06/09/2011;121200;2000;0;0;8000;1200
PaigeCompositor;N/A;06/09/2012;18300;1200;606;34700;1700;1300
Triplechoc;France;06/09/2019;23600;637;663;13100;20800;1300
LiliiaBeda;Ukraine;06/09/2011;76900;2300;1500;5;1200;473
kenket;N/A;06/09/2003;636500;28100;175;271;78;1500
donotbeatme;Belarus;06/09/2022;N/A;N/A;N/A;N/A;N/A;N/A
Vorueg;N/A;06/09/2020;22800;1300;82;909;272;27
Melody-of-Forest;Russia;06/09/2014;11400;555;245;139;251;25
darpustoshi;N/A;06/09/2012;50900;1700;789;4400;797;158
Francisco-Landa;Spain;06/09/2012;28000;693;413;7400;1200;162
rosaarvensis;N/A;06/09/2008;124700;3000;306;15800;38600;5100
AriaHanami;Germany;06/09/2021;4200;317;48;104;147;20
SchwarzWieEbenholZ;Germany;06/09/2006;211200;4200;374;20500;76100;5200
Frayed-Symphony;N/A;06/09/2004;188300;1300;1200;13200;32600;5200
FEB43;France;06/09/2020;18500;295;514;30;1200;73
fairchildart;N/A;06/09/2007;584000;22700;104;700;21500;6800
A-Separate-Reality;N/A;06/09/2012;N/A;N/A;N/A;N/A;N/A;N/A
leourrio;N/A;06/09/2023;8600;281;177;1100;578;176
merlynnart;N/A;06/09/2021;2300;107;96;314;98;26
ArtsvilleHandcrafted;India;06/09/2020;7600;407;36;918;169;51
hifarry;N/A;06/09/2004;107700;5100;193;111;1400;210
marcilles;Poland;06/09/2021;876;26;4;1;0;1
AlpacaCarlesi;Chile;06/09/2006;129400;6300;328;4000;4900;1100
MARCO-E;N/A;06/09/2014;N/A;N/A;N/A;N/A;N/A;N/A
angevla;N/A;06/09/2015;63900;3100;168;42600;17700;3300
KovoWolf;N/A;06/09/2004;864700;9600;2800;32299;56900;9100
EliArtsy;France;06/09/2023;1400;57;28;931;19;13
ShervinKhanMohammadi;Iran;06/09/2020;4000;137;55;514;98;43
IckyDog;N/A;06/09/2009;93200;966;477;757;10900;1800
Dreamear;N/A;06/09/2018;17400;1300;174;1400;3100;196
Louivi;N/A;06/09/2008;N/A;N/A;N/A;N/A;N/A;N/A
Awkwardos;N/A;06/09/2016;216300;11500;3000;10200;22100;1400
UnexpectedToy;N/A;06/09/2010;N/A;N/A;N/A;N/A;N/A;N/A
Christadr;Greece;06/09/2016;6000;347;312;10800;734;1100
basiceagles;Russia;06/09/2015;2800;332;0;0;51;23
Naarok0fKor;Canada;06/09/2017;N/A;N/A;N/A;N/A;N/A;N/A
TaliusDesigns;N/A;06/09/2016;29400;2000;446;471;2500;215
Stevefineart;Thailand;06/09/2023;4500;256;12;151;258;22
horminum;Russia;06/09/2017;6000;425;336;317;126;28
mohamedsaberartist;Egypt;06/09/2016;38600;2300;870;34;197;43
EvilInspiration;Poland;06/09/2014;41800;3400;158;1600;261;57
TheAlchemi4st;Italy;06/09/2023;10100;798;155;347;440;41
DaiSanVisART;Poland;06/09/2013;183500;8900;578;1900;4000;704
Happyhedonic;N/A;06/09/2021;34600;798;608;43000;3600;2900
vilenko;N/A;06/09/2011;14900;1500;68;81;142;16
UllaThynell;N/A;06/09/2009;258600;12800;414;906;8700;1300
Sulwen089;N/A;06/09/2022;4300;350;30;189;156;41
Vumli;N/A;06/09/2016;6300;792;1300;10200;1400;489
LeaMssz;France;06/09/2014;39900;805;1100;5400;1900;352
roscheri;Egypt;06/09/2015;15900;237;365;2700;493;139
anna36;Poland;06/09/2009;28500;338;49;109;241;127
BaxiaArt;Poland;06/09/2009;553900;17300;359;6200;16100;3400
cassydraws;Canada;06/09/2016;7700;458;75;71;313;62
Mythiana;Estonia;06/09/2023;14900;756;392;36800;5300;2500
Aurodyne;Norway;06/09/2016;N/A;N/A;N/A;N/A;N/A;N/A
Ohhhhjellybird;N/A;06/09/2019;7900;866;369;2100;277;25
nikamanoukian;N/A;06/09/2021;2000;59;41;153;228;24
DefDedu;Slovenia;06/09/2015;6000;358;123;8300;279;408
Kayllek;Russia;06/09/2011;10800;568;145;2600;631;116
Rizaki-R;Indonesia;06/09/2018;604;30;8;25;21;4
Aleximee;N/A;06/09/2009;20000;230;78;506;485;60
AnyexLove;Spain;06/09/2021;8000;239;96;1200;391;58
Kipine;Finland;06/09/2010;566400;26400;572;2700;6500;1600
PlacidAnemia;N/A;06/09/2009;113100;1100;552;29600;16400;3200
scratchproductions;N/A;06/09/2010;36600;1000;999;529;4600;338
Eduardo-Pena;N/A;06/09/2014;79700;4000;10;0;156;64
Adooke;N/A;06/09/2020;9800;800;122;755;231;53
VedMedic;Ukraine;06/09/2019;57300;1600;189;10800;954;834
xavbouss;France;06/09/2011;19700;1100;1400;31400;5200;1500
zemoto;N/A;06/09/2003;50600;1800;572;72000;37200;6000
mangolily0;N/A;06/09/2017;4900;127;71;140;59;24
AImages;Hungary;06/09/2015;67700;3600;1000;9900;24;250
SalmVil;N/A;06/09/2015;33700;1300;118;196;433;20
mingrutu;N/A;06/09/2012;84200;3100;24;21;450;251
rfamedia;Germany;06/09/2023;870;44;29;351;69;46
Catlaxy;France;06/09/2011;59500;1200;791;15900;4500;942
nothoneybee;Ireland;06/09/2018;11100;862;377;18900;3500;977
Julia-Pokelin;Spain;06/09/2017;13800;1300;340;2200;973;143
MonsterInTheFridge;Germany;06/09/2017;23100;672;160;60300;4600;2500
Eithnne;Netherlands;06/09/2016;35700;811;196;521;2900;163
BlackSpiralDancer1;N/A;06/09/2013;144500;1600;188;124700;25900;17900
Limerami-art;Finland;06/09/2018;65099;2200;596;18200;7300;645
britegreenfish;N/A;06/09/2010;33600;878;2100;9800;8900;2100
rejamrejam;N/A;06/09/2017;88700;4200;94;2200;5600;91
SHUME-1;Poland;06/09/2007;176700;2700;148;1200;2600;592
murr000;Russia;06/09/2009;98900;3400;260;979;344;1200
Tofusenshi;N/A;06/09/2017;58400;2900;138;85;2600;24
JonathanHemlock;N/A;06/09/2013;29500;748;1400;37300;3500;2900
DeVergilia;Russia;06/09/2018;35600;1600;30;14;762;30
LordDoomhammer;N/A;06/09/2008;237900;8900;115;133;8000;488
umantsiva;Russia;06/09/2016;32800;1100;92;508;583;132
HumanStyleRobot;N/A;06/09/2012;22300;896;1100;46900;4100;4100
ArtfulExpCHC;N/A;06/09/2016;36400;1400;55;152;830;301
ArundAmber;N/A;06/09/2020;20000;953;215;139;946;1600
Meraxys;Italy;06/09/2019;3600;239;88;396;115;17
Sapphiringore;Russia;06/09/2021;23400;2500;248;2000;1400;64
Sceith-A;N/A;06/09/2013;590300;13700;328;975;1000;915
hontor;Russia;06/09/2007;858800;34500;1400;4900;3100;2000
miharashi;N/A;06/09/2014;21900;420;55;1100;1800;325
nine9nine9;N/A;06/09/2008;281300;3100;3000;136300;56200;16700
RmSilicio;Spain;06/09/2017;20400;469;535;13900;519;746
CinnamonDevil;N/A;06/09/2016;N/A;N/A;N/A;N/A;N/A;N/A
nidraj-rion;N/A;06/09/2013;11200;524;61;205;174;35
Erick-79;N/A;06/09/2011;27900;259;66;250;193;80
AzCraftyAz;Australia;06/09/2023;8400;536;230;24000;3000;3200
PTXeno;Italy;06/09/2014;20600;1800;5000;43000;603;1500
ASableHart;N/A;06/09/2017;6100;64;27;258;43;2
SnowmanAndOctopus;N/A;06/09/2020;54800;1700;5000;41400;7500;2100
NykolaiAleksander;Italy;06/09/2016;57900;2400;84;445;2300;502
kaseeblu;Latvia;06/09/2022;5300;979;58;670;38;19
Akherat-Horus;N/A;06/09/2009;82400;1200;32;707;1400;241
angeldusty811;Taiwan;06/09/2019;2300;305;48;299;128;38
NestorUst;Russia;06/09/2018;14900;715;474;6;457;36
osacora;N/A;06/09/2013;N/A;N/A;N/A;N/A;N/A;N/A
Sunima;Norway;06/09/2009;385700;13900;1700;29000;38200;17400
WingedAyalis;France;06/09/2011;28600;527;96;2300;3900;584
Cher-Ro;N/A;06/09/2014;187500;6800;230;376;2200;148
bayardwu;N/A;06/09/2013;645400;32900;36;0;160;655
7royyor7;N/A;06/09/2020;2200;37;0;3;6;0
joyouart;N/A;06/09/2011;20100;243;115;100;287;48
zaffyrr;N/A;06/09/2012;174400;5300;46;3100;1900;1100
Yashamon;Croatia;06/09/2023;59000;3800;69;296;225;117
sasha-fantom;Ukraine;06/09/2009;282700;4900;309;72300;58800;10900
goldenevea;Australia;06/09/2015;N/A;N/A;N/A;N/A;N/A;N/A
Sleepingfox;N/A;06/09/2007;143200;3400;204;921;2000;241
Darenrin;Belarus;06/09/2013;285600;13900;339;1400;692;510
liskaflower;Thailand;06/09/2015;35900;1200;23;52;173;151
guscarletart;N/A;06/09/2013;16700;1100;1100;3800;20700;1700
OF711;Russia;06/09/2013;99900;6400;796;5300;2500;341
Ametat;N/A;06/09/2013;9100;190;26;430;263;181
JuliaNnature;N/A;06/09/2019;N/A;N/A;N/A;N/A;N/A;N/A
JimmyDemello;N/A;06/09/2009;12200;201;13;185;254;44
SebastianMonPainting;Poland;06/09/2019;15900;1600;0;1;17;32
NatsuneNuko;Poland;06/09/2016;558100;6800;412;67300;22900;3000
Felix-The-Butcher;N/A;06/09/2023;N/A;N/A;N/A;N/A;N/A;N/A
Syntetyc;N/A;06/09/2006;326100;15900;308;1200;1700;993
ChirpyChip;N/A;06/09/2018;5400;111;156;4400;1000;172
GrayPillow;Russia;06/09/2017;352000;18000;89;542;1200;719
Gosh-Heck;N/A;06/09/2018;N/A;N/A;N/A;N/A;N/A;N/A
abdallahtalat;Egypt;06/09/2022;4100;352;41;45;250;24
MysticalMysticism;N/A;06/09/2008;117900;235;711;14600;16200;2600
Halfofthesky;N/A;06/09/2013;5600;152;57;45;42;24
Oddly-Spliced;N/A;06/09/2012;79700;3500;21;27;10;145
TheKikkaKibaz;N/A;06/09/2016;128800;3900;707;102100;38200;10600
Marshcold;N/A;06/09/2012;80700;1400;326;2000;4800;1200
phelostudio;Poland;06/09/2013;27200;2400;490;693;524;232
ameblum;N/A;06/09/2017;N/A;N/A;N/A;N/A;N/A;N/A
Aurelia18;Estonia;06/09/2021;3600;154;132;1600;151;196
Pixelannie;N/A;06/09/2022;10500;574;2000;8700;955;775
FrauHaku;N/A;06/09/2018;62600;1900;28;17;282;36
vladivostoque;France;06/09/2019;6300;606;547;20900;2900;2000
katelok;Ukraine;06/09/2013;11500;354;20;4;518;51
LidiaOlbrychtArt;N/A;06/09/2015;28700;890;33;93;1500;97
micmit;N/A;06/09/2020;4800;312;865;25000;84;295
ANOZER;N/A;06/09/2007;80600;1500;3300;3800;2900;958
gannjondal;N/A;06/09/2012;72600;1300;2100;78800;9100;5600
love--or--death;Germany;06/09/2018;52100;1700;648;13200;6600;1600
Estheryu;Malaysia;06/09/2006;619700;11400;5000;39700;26000;18300
bast4cats;Australia;06/09/2010;56900;986;253;5600;4100;393
TheFeatureCreature;N/A;06/09/2022;12600;681;350;5600;1100;416
Hectonian;N/A;06/09/2018;4200;70;12;1000;282;8
ReversedSingularity;Romania;06/09/2016;16300;396;158;11800;850;221
jamforthemousee;Russia;06/09/2021;1900;134;184;701;60;15
Vlashyrk;Mexico;06/09/2022;1500;178;1;0;3;1
EdSchaap;Netherlands;06/09/2010;11400;189;21;16;39;23
HarrolithUntold;N/A;06/09/2015;5900;59;300;2400;173;94
m-eralp;N/A;06/09/2012;298500;11500;715;16200;21400;3800
Rinraith;Russia;06/09/2020;5900;256;506;5;239;2
JTBOLLY;N/A;06/09/2018;N/A;N/A;N/A;N/A;N/A;N/A
Vangega;Georgia;06/09/2013;66200;3500;2100;40500;3100;1600
